{
  "project_info": {
    "project_number": "644076595545",
    "firebase_url": "https://swu2019winterproject-2100f.firebaseio.com",
    "project_id": "swu2019winterproject-2100f",
    "storage_bucket": "swu2019winterproject-2100f.appspot.com"
  },
  "client": [
    {
      "client_info": {
        "mobilesdk_app_id": "1:644076595545:android:089f7b8392d35534",
        "android_client_info": {
          "package_name": "com.swu.example"
        }
      },
      "oauth_client": [
        {
          "client_id": "644076595545-k7nu9d4k6carv8adpgaab6c39pmnv5rp.apps.googleusercontent.com",
          "client_type": 1,
          "android_info": {
            "package_name": "com.swu.example",
            "certificate_hash": "2311d4d97fd1660edbcef48f497d7533587dd206"
          }
        },
        {
          "client_id": "644076595545-60tb8pgeml33m0hulf8kvepmh872ai2g.apps.googleusercontent.com",
          "client_type": 3
        }
      ],
      "api_key": [
        {
          "current_key": "AIzaSyBznrtQyxtoSDC98bPAg1oWrd5XsXPNJdg"
        }
      ],
      "services": {
        "analytics_service": {
          "status": 1
        },
        "appinvite_service": {
          "status": 2,
          "other_platform_oauth_client": [
            {
              "client_id": "644076595545-60tb8pgeml33m0hulf8kvepmh872ai2g.apps.googleusercontent.com",
              "client_type": 3
            }
          ]
        },
        "ads_service": {
          "status": 2
        }
      }
    },
    {
      "client_info": {
        "mobilesdk_app_id": "1:644076595545:android:489e83a4534c9e1a",
        "android_client_info": {
          "package_name": "com.swu.leehyewoun"
        }
      },
      "oauth_client": [
        {
          "client_id": "644076595545-1qoiodlq27mte6brpnbfpar2518b3va9.apps.googleusercontent.com",
          "client_type": 1,
          "android_info": {
            "package_name": "com.swu.leehyewoun",
            "certificate_hash": "2311d4d97fd1660edbcef48f497d7533587dd206"
          }
        },
        {
          "client_id": "644076595545-60tb8pgeml33m0hulf8kvepmh872ai2g.apps.googleusercontent.com",
          "client_type": 3
        }
      ],
      "api_key": [
        {
          "current_key": "AIzaSyBznrtQyxtoSDC98bPAg1oWrd5XsXPNJdg"
        }
      ],
      "services": {
        "analytics_service": {
          "status": 1
        },
        "appinvite_service": {
          "status": 2,
          "other_platform_oauth_client": [
            {
              "client_id": "644076595545-60tb8pgeml33m0hulf8kvepmh872ai2g.apps.googleusercontent.com",
              "client_type": 3
            }
          ]
        },
        "ads_service": {
          "status": 2
        }
      }
    }
  ],
  "configuration_version": "1"
}